user_id,IF_score,OCSVM_score,avg_anomaly_score
SVS0871,0.5922689694802226,-1.0486983009271384,-0.22821466572345794
CSP0197,0.5847252325133783,-1.2562311385739409,-0.3357529530302813
CQH0730,0.5835696602658079,-1.3836129407834732,-0.40002164025883263
MAD0753,0.561530736113622,-1.422790083003511,-0.43062967344494446
GMF0738,0.5662557481688023,-1.4878584426810075,-0.4608013472561026
BRS0734,0.5638308290373883,-1.5781227965241293,-0.5071459837433705
RJB0088,0.5216795699047596,-1.5526776551072998,-0.5154990426012701
QRM0739,0.5928155942481835,-1.6268298136503385,-0.5170071097010775
JPW0741,0.5503626496100139,-1.6761815015201096,-0.5629094259550478
RHO0732,0.5375048387186969,-1.7234344550001235,-0.5929648081407133
DSB0731,0.5487041761926292,-1.763268148560182,-0.6072819861837764
BMG0917,0.5478320330671332,-1.7635326535769262,-0.6078503102548964
EZH0736,0.5350003902924623,-1.7539027493195682,-0.609451179513553
OCB0805,0.5434104469073605,-1.7633127940482904,-0.609951173570465
PGO0433,0.5422512416317552,-1.763296516959975,-0.61052263766411
FBW0747,0.519933178311099,-1.7428250422472051,-0.6114459319680531
GZC0735,0.5374067138634016,-1.763249711654561,-0.6129214988955797
BWP0202,0.5348922954413401,-1.7629691152968,-0.6140384099277298
RFP0380,0.5319727831312883,-1.7634063648332667,-0.6157167908509893
IBM0671,0.5234758295811573,-1.7628166399706005,-0.6196704051947215
DGF0443,0.5219502475705498,-1.7628139644818102,-0.6204318584556302
COF0120,0.5191375794831175,-1.7633109596463836,-0.6220866900816331
JMH0543,0.5188891314560031,-1.7632430502837872,-0.6221769594138921
RNF0765,0.518170680190305,-1.7632510217061657,-0.6225401707579303
GDF0704,0.5172066471371722,-1.7629566930154714,-0.6228750229391495
TTD1000,0.5161385224596436,-1.7632248069459264,-0.6235431422431414
HAM0985,0.515611444433093,-1.763349052421349,-0.623868803994128
KDS0349,0.5153129165984183,-1.7630518589391213,-0.6238694711703515
TLK0993,0.5152273761840205,-1.7631239046136036,-0.6239482642147915
RKF0164,0.5127574781075956,-1.7637552830705283,-0.6254989024814663
EIS0041,0.5086491888477035,-1.7636296446276085,-0.6274902278899526
LCB0664,0.5062775589636794,-1.7632216733604724,-0.6284720571983965
QPM0727,0.49837920171141514,-1.7631039049694122,-0.6323623516289985
KRM0541,0.49819884991086905,-1.763099413379592,-0.6324502817343616
MHH0180,0.49745200711652127,-1.7632210109079876,-0.6328845018957332
QNF0205,0.4971000981448838,-1.7636773875287217,-0.6332886446919189
MNC0717,0.4953276936239288,-1.7631770162658529,-0.633924661320962
LRR0148,0.4940342472497091,-1.763202191867204,-0.6345839723087474
NCO0666,0.4939222284284899,-1.7633588141187708,-0.6347182928451405
EJW0884,0.4936414791610784,-1.7632272444128647,-0.6347928826258932
BTN0061,0.49263421946092556,-1.7631668153898183,-0.6352662979644463
RSM0277,0.492920293523346,-1.7635801303465344,-0.6353299184115941
NAF0326,0.4915694170908611,-1.7631101035645456,-0.6357703432368422
FKB0163,0.488374190147249,-1.7632991051670017,-0.6374624575098764
AKC0924,0.4868249796074403,-1.7630593485065227,-0.6381171844495412
IJM0444,0.48594534172983567,-1.762959436446138,-0.6385070473581512
HDH0928,0.48617613214369954,-1.7632315338732145,-0.6385277008647575
BSH0445,0.48609965073057293,-1.7633163282459108,-0.6386083387576689
MHG0733,0.4856400770044869,-1.7634908188279674,-0.6389253709117403
TEM0093,0.4851767844798128,-1.7630524647633115,-0.6389378401417494
RLG0856,0.48463330975785784,-1.7630293781530595,-0.6391980341976008
CTR0697,0.4844778841772621,-1.7634870110720997,-0.6395045634474188
TVS0006,0.4841418138515609,-1.7632795626513689,-0.639568874399904
WKF0012,0.48383556131606414,-1.7631566606363365,-0.6396605496601362
FRB0023,0.48284105211520256,-1.7633477921464453,-0.6402533700156214
CAA0612,0.4822783493364306,-1.7633238548607393,-0.6405227527621543
CSH0626,0.48266256766545845,-1.763774550257629,-0.6405559912960852
NHE0919,0.4816056947605823,-1.7632531220457188,-0.6408237136425683
ORM0669,0.47959153957585554,-1.7631400853617527,-0.6417742728929485
CQW0652,0.4785701119748794,-1.763434881262227,-0.6424323846436737
OCS0865,0.4773654849698848,-1.7634382901427552,-0.6430364025864352
QJR0688,0.47744811252354086,-1.7635932879281782,-0.6430725877023187
CJC0494,0.4766995611853698,-1.7628766394032591,-0.6430885391089447
JCW0858,0.47674340759517886,-1.7635369657576687,-0.6433967790812449
IIA0092,0.4759837295008571,-1.763261526338844,-0.6436388984189935
WBC0192,0.4758124298273175,-1.7633371104161972,-0.6437623402944399
TVS0050,0.47419274589481514,-1.762845038182418,-0.6443261461438013
PBP0002,0.47449832103439,-1.7634463356298198,-0.6444740072977149
BSA0431,0.4740137578548233,-1.763144142606233,-0.6445651923757049
KBP0008,0.47406064328792524,-1.7632860504047392,-0.6446127035584069
RDM0150,0.47384543905845083,-1.7632461001792736,-0.6447003305604114
LAF0991,0.4734028013129531,-1.7631236545462572,-0.644860426616652
EIP0997,0.47334215772510385,-1.763177678480282,-0.6449177603775891
JKB0126,0.4730303797989031,-1.763194024474825,-0.645081822337961
CAM0102,0.47306574855859024,-1.763312722073082,-0.6451234867572458
GTD0116,0.4731852726669586,-1.7635385969299937,-0.6451766621315176
DAR0885,0.4726341983000984,-1.7631765130017591,-0.6452711573508304
VSA0230,0.4718013439635283,-1.7629729389745343,-0.645585797505503
BTL0722,0.471256696322844,-1.7630388262246481,-0.6458910649509021
TLH0648,0.4703609153602523,-1.7630486767802285,-0.646343880709988
SNC0187,0.46993522628029444,-1.763222450657507,-0.6466436121886062
CPG0322,0.46938838031675684,-1.7631085682183045,-0.6468600939507738
HAC0282,0.4687902483091698,-1.763278790936503,-0.6472442713136666
MDM0625,0.46757567275233575,-1.762901497506037,-0.6476629123768507
BLB0114,0.46823635371296884,-1.7637039166821071,-0.6477337814845692
CJP0952,0.4654872530116321,-1.7630333345856732,-0.6487730407870206
BDI0533,0.4651293250585735,-1.7630491355158713,-0.6489599052286489
LFS0071,0.46538939391120426,-1.7634438200789364,-0.6490272130838661
ALD0529,0.46494673059670455,-1.7630529793375442,-0.6490531243704198
AMW0392,0.46454979743688485,-1.7634484857153006,-0.6494493441392079
TEM0977,0.4643177685987066,-1.7632618251232564,-0.6494720282622749
BSB0990,0.46301596087181024,-1.76349843708304,-0.6502412381056148
ARD0509,0.46251037934135936,-1.7634055393660613,-0.6504475800123509
ESA0642,0.4622796249657966,-1.7632637354890248,-0.6504920552616141
EHB0824,0.46164644754020917,-1.7631763261938063,-0.6507649393267986
KRG0158,0.46119030922131077,-1.7630148119325209,-0.650912251355605
CWB0065,0.46090498196716106,-1.7632523700577325,-0.6511736940452857
BER0314,0.4608870955991001,-1.7633799565207329,-0.6512464304608163
CEB0210,0.4604425147539571,-1.7634680401985343,-0.6515127627222886
MLD0755,0.4587361623665234,-1.763105411283156,-0.6521846244583163
KVT0028,0.45797566182510724,-1.762963887807237,-0.6524941129910649
CCA0046,0.4564490318229206,-1.7633241278497205,-0.6534375480133999
PID0426,0.4564279787290152,-1.763435087422786,-0.6535035543468855
BJM0111,0.4553170453370932,-1.7632102349867786,-0.6539465948248427
CBG0398,0.4549558943084576,-1.7632234616522522,-0.6541337836718972
CJM0138,0.4550368914526047,-1.763744565358236,-0.6543538369528157
HBB0056,0.45383907264579926,-1.7628084932990113,-0.654484710326606
IJM0139,0.4523453317385101,-1.7630051784012233,-0.6553299233313565
LMF0980,0.4824676654671544,-1.7933651905625354,-0.6554487625476905
ILJ0526,0.4502639840237496,-1.762861183164222,-0.6562985995702362
FSB0399,0.44957976178024633,-1.7630786985808626,-0.6567494684003081
JMC0925,0.44999709301475527,-1.7637274931865974,-0.6568652000859211
AAS0442,0.4733623770526874,-1.787390272854642,-0.6570139479009773
XRS0633,0.44901190156487153,-1.7633044114764376,-0.657146254955783
TJD0996,0.4610620700743023,-1.775590223499465,-0.6572640767125814
NMC0486,0.44800005553689715,-1.7628919069509954,-0.6574459257070491
GCS0518,0.4481695231728052,-1.7632021891479106,-0.6575163329875527
KKC0683,0.44671414970195655,-1.7633708629407632,-0.6583283566194034
JZD0888,0.44545251574870626,-1.7628323430911217,-0.6586899136712077
THR0873,0.44501977351274924,-1.7635350869116728,-0.6592576566994618
RAG0275,0.44414662395466736,-1.7636547591905143,-0.6597540676179234
NBH0256,0.44403701689594444,-1.7635827583866925,-0.659772870745374
LPC0492,0.4431212438802696,-1.7628407168745373,-0.6598597364971338
RAS0432,0.4431457057988586,-1.7633430737721736,-0.6600986839866575
FOB0756,0.46712639113308446,-1.7881987352439532,-0.6605361720554344
CFW0264,0.43901959983165756,-1.76311299930851,-0.6620466997384262
PKB0281,0.4574069003291808,-1.78342943424781,-0.6630112669593147
HMM0108,0.4572696216774711,-1.7860109206057568,-0.6643706494641428
EDA0684,0.48296260087803633,-1.8151695471835076,-0.6661034731527357
JCR0921,0.45136754490523434,-1.7951041018119294,-0.6718682784533475
CUD0795,0.4431203920929541,-1.7892484582106511,-0.6730640330588485
WBC0315,0.4525684333526296,-1.8046596598727578,-0.6760456132600641
NHH0185,0.4667536685610329,-1.818855423297689,-0.676050877368328
FAW0032,0.44597360012501935,-1.808531121243792,-0.6812787605593863
DPM0423,0.47729003900378275,-1.8519889656749753,-0.6873494633355963
ESJ0670,0.4887304695992355,-1.8667028503286291,-0.6889861903646968
TSG0906,0.46088419449213613,-1.842146223102889,-0.6906310143053764
EGD0409,0.4441233681325074,-1.8291161946444616,-0.6924964132559771
KBS0874,0.4823625381245558,-1.8692536348910618,-0.693445548383253
MDM0976,0.4501301096488144,-1.837719635297378,-0.6937947628242818
LNS0989,0.4379831672002877,-1.8299168507433838,-0.6959668417715481
DVM0265,0.4364223294274431,-1.8314083996361943,-0.6974930351043755
GQP0743,0.4264137565034943,-1.8223211077953736,-0.6979536756459397
LDB0090,0.4480794283289176,-1.8444254379510694,-0.6981730048110759
TEB0251,0.45956765744647776,-1.8560299063021148,-0.6982311244278185
AIH0675,0.45477351569733115,-1.8745776104721588,-0.7099020473874138
NUL0471,0.44294476220492623,-1.8639471305064146,-0.7105011841507441
LQP0508,0.4390980209619989,-1.864438030951958,-0.7126700049949795
SAC0687,0.46106125646055324,-1.8869418114659098,-0.7129402775026783
YCE0983,0.4607652027232478,-1.8879645990299843,-0.7135996981533682
NCH0179,0.46039558873725683,-1.8876265970288097,-0.7136155041457765
RAB0589,0.45001684033488315,-1.8772578834975155,-0.7136205215813162
CMW0783,0.45950570947881697,-1.8900593015611638,-0.7152767960411734
KCO0122,0.46837001356893115,-1.9017716958522637,-0.7167008411416662
BAJ0654,0.45342303103077597,-1.8890249812721507,-0.7178009751206873
EGK0893,0.4360794217993623,-1.8742798635209716,-0.7191002208608046
LIM0674,0.4532975044486512,-1.8924495365131406,-0.7195760160322447
FHO0630,0.42581994419828334,-1.865692450591513,-0.7199362531966148
MVF0594,0.43408454716189604,-1.8761288611691413,-0.7210221570036226
GBM0603,0.43089126847550896,-1.8747507333897733,-0.7219297324571321
RHC0335,0.45152128633403527,-1.8970800184933698,-0.7227793660796673
EFS0882,0.46997481661365137,-1.9159029359228414,-0.722964059654595
NRO0768,0.4185900394716429,-1.8680919200640758,-0.7247509402962165
JIG0128,0.44968710092885006,-1.8993666227742099,-0.7248397609226799
RDM0115,0.46405481187443015,-1.9156163867996667,-0.7257807874626183
VFM0814,0.4759553015758049,-1.9338930288311202,-0.7289688636276577
LUR0896,0.44665983454434877,-1.904800177614035,-0.7290701715348431
VCY0751,0.48997088743954503,-1.9500241045750528,-0.7300266085677539
BEH0615,0.45817102513226965,-1.921701767843608,-0.7317653713556691
LCC0819,0.4596963924964336,-1.9245230274290763,-0.7324133174663213
LCD0622,0.44818143218793693,-1.9176497340328171,-0.7347341509224401
MIB0904,0.4495539111667292,-1.9195096127926283,-0.7349778508129495
IYB0918,0.4571414080721265,-1.9280617434204625,-0.735460167674168
MKS0204,0.45563125538721627,-1.9355867824545798,-0.7399777635336817
CMS0454,0.4357237263651007,-1.9158043168762058,-0.7400402952555525
DBB0384,0.4264643285713278,-1.9085444760523746,-0.7410400737405234
DRR0162,0.45797269798949447,-1.942303125629119,-0.7421652138198123
WGS0516,0.45320412217863965,-1.9423404886003615,-0.7445681832108609
BAL0044,0.4418474018603046,-1.9318325742905547,-0.744992586215125
LAP0338,0.4372908220353651,-1.9282746275747806,-0.7454919027697078
GKO0078,0.44037081934632516,-1.9320420737688913,-0.745835627211283
LLV0602,0.4621125955920756,-1.954466627300652,-0.7461770158542882
DIW0118,0.4387384153573289,-1.932570137181699,-0.7469158609121851
NCK0421,0.44468923824212403,-1.94309316656272,-0.749201964160298
ANT0430,0.462190660513195,-1.9625657604068767,-0.7501875499468409
HKB0418,0.42820559331357005,-1.9311497970189786,-0.7514721018527043
KAC0124,0.4404038802161052,-1.9468965311338529,-0.7532463254588738
HCC0344,0.45578507657550793,-1.963590532820364,-0.753902728122428
ZKS0899,0.43112356954974473,-1.9399867703138693,-0.7544316003820624
ATE0869,0.43408000796453905,-1.9462473695045743,-0.7560836807700176
KMS0657,0.4668616820182584,-1.9795166445115908,-0.7563274812466663
AWM0764,0.42412899250870484,-1.9383392011942693,-0.7571051043427822
CAB0614,0.4201192000450217,-1.9409487996154406,-0.7604147997852095
JXH0493,0.4733836183460563,-1.9942832128811314,-0.7604497972675376
JNJ0556,0.46071990909535804,-1.9836589047028457,-0.7614694978037438
CRD0624,0.44582474981689607,-1.9731767067224257,-0.7636759784527648
TAC0300,0.4361180023373563,-1.9638520458940927,-0.7638670217783682
BMC0547,0.42206805022814164,-1.9556681270834024,-0.7668000384276303
CIM0926,0.4742364727198387,-2.0083080999593306,-0.7670358136197459
MGS0974,0.45935275314072466,-1.9943918830441345,-0.7675195649517049
KNG0672,0.4541393173850167,-1.997582095533551,-0.7717213890742671
ABC0174,0.42565321622345487,-1.971938943285867,-0.7731428635312061
NSC0597,0.4266490287106115,-1.9742315853268029,-0.7737912783080957
RGN0408,0.43895568803675317,-1.986881232811204,-0.7739627723872254
RAW0915,0.4538190030756881,-2.006292108561052,-0.7762365527426819
IJM0776,0.44346590155557647,-1.9992761887813393,-0.7779051436128814
AIS0405,0.44834352696017643,-2.008188390835458,-0.7799224319376408
BAM0636,0.42333835842433476,-1.9851203632603949,-0.78089100241803
NAB0801,0.43188798541253515,-1.9976313083341657,-0.7828716614608153
DFH0188,0.4206734689328172,-1.9888601018156273,-0.784093316441405
KDT0346,0.44393519380395235,-2.013899809076926,-0.7849823076364867
WNB0908,0.43514726158510986,-2.007064030067098,-0.7859583842409941
NAF0033,0.4624259139257932,-2.0344202262503366,-0.7859971561622717
AHG0634,0.4585090776071202,-2.032347271224431,-0.7869190968086555
BAM0611,0.4408838368254263,-2.0171054408847415,-0.7881108020296577
JDB0169,0.43515146105176106,-2.0126821590458905,-0.7887653489970647
FUM0015,0.45434163754021706,-2.0336571924432203,-0.7896577774515017
CKB0427,0.45077963925936726,-2.031510188065826,-0.7903652744032293
RJM0381,0.44904224018866273,-2.0371558019757594,-0.7940567808935484
ADF0397,0.440135231766484,-2.029018130415508,-0.794441449324512
JJH0613,0.4530074814545136,-2.047358436304709,-0.7971754774250976
HDD0806,0.4223572407028616,-2.0183472235415985,-0.7979949914193685
HKR0628,0.4364934721718211,-2.032892904128011,-0.7981997159780949
HDL0748,0.4288711226478988,-2.033561211544151,-0.802345044448126
RVF0201,0.45312027554982726,-2.057992342845474,-0.8024360336478233
MCD0125,0.4535713846812775,-2.0624467244739604,-0.8044376698963415
CBG0490,0.44014071929702775,-2.050556585167904,-0.8052079329354382
OKB0439,0.4232206024526391,-2.03406516102712,-0.8054222792872405
BEC0505,0.46012772110527944,-2.071524525372897,-0.8056984021338087
LJJ0905,0.43671544141271973,-2.048127762268087,-0.8057061604276836
MIC0726,0.41879429435129517,-2.0316689451076417,-0.8064373253781733
CLH0703,0.4450035550908408,-2.0594287947206475,-0.8072126198149034
KBB0189,0.4524674757683059,-2.069303393603086,-0.8084179589173899
MSO0222,0.45937128558414336,-2.0766391674425586,-0.8086339409292076
KBC0054,0.45481959015728013,-2.0739023845683566,-0.8095413972055383
RSC0089,0.4282476683822552,-2.0494013260380353,-0.8105768288278901
SKG0759,0.4184551079547991,-2.040763159934254,-0.8111540259897274
JRG0207,0.43788631993536,-2.063111506626558,-0.8126125933455991
HIW0536,0.4187455090291551,-2.0451258500458085,-0.8131901705083266
ASS0206,0.4348439797153824,-2.064374373946277,-0.8147651971154473
ASB0796,0.4245303756131568,-2.057963462474537,-0.81671654343069
FXF0957,0.4242217499296058,-2.0647366919658308,-0.8202574710181125
CHM0821,0.4405862359871742,-2.081598523605555,-0.8205061438091904
RHL0992,0.447943914465282,-2.089473943442223,-0.8207650144884705
FQA0854,0.4275373155401003,-2.0697167410373254,-0.8210897127486125
SMB0804,0.41759505048626727,-2.0607710957458694,-0.821588022629801
CHG0146,0.44670093549994816,-2.0925416201989306,-0.8229203423494913
RZC0746,0.4320147145800136,-2.0784378758982145,-0.8232115806591005
NIH0969,0.4419909459602684,-2.088918905081618,-0.8234639795606749
WVB0539,0.41764776130370573,-2.069291373673124,-0.8258218061847092
AJL0462,0.43228111143516995,-2.085771734381809,-0.8267453114733195
DDM0579,0.4351903174974112,-2.0909402636476946,-0.8278749730751417
AOS0987,0.46254009493330456,-2.1184620390005957,-0.8279609720336456
HXL0968,0.43549402828457295,-2.0920646261142783,-0.8282852989148527
DEB0782,0.4482179942512942,-2.1051295127413776,-0.8284557592450417
LHB0606,0.4268413097656862,-2.08398782850722,-0.828573259370767
RTO0313,0.44854724628485304,-2.1090387467456098,-0.8302457502303784
AHM0410,0.431270375390746,-2.095649273473258,-0.832189449041256
EMW0105,0.42427482975353686,-2.089554740433997,-0.83263995534023
KSP0966,0.42386383126538796,-2.0897232669446324,-0.8329297178396222
TSR0676,0.4598593325071139,-2.1272097217688377,-0.8336751946308619
OMS0101,0.43937064748362636,-2.1068757702005234,-0.8337525613584486
OSH0655,0.4369989335004823,-2.105672488876225,-0.8343367776878714
HRL0540,0.44173987401655046,-2.110602091179141,-0.8344311085812954
DMK0257,0.4248457483035942,-2.095195937806935,-0.8351750947516705
HDS0367,0.41663848619241534,-2.087427489252932,-0.8353945015302583
VAA0087,0.4150126945456442,-2.087387433564358,-0.8361873695093568
BJH0811,0.4167565428540598,-2.091615724177507,-0.8374295906617235
MCF0600,0.4524396108979221,-2.1283652216761597,-0.8379628053891188
AMR0318,0.4257341355734274,-2.104772710482942,-0.8395192874547572
AAL0706,0.4332859912011547,-2.112671157889878,-0.8396925833443616
NKP0236,0.44402704089248646,-2.1249662370244167,-0.8404695980659651
DGM0754,0.4408507014320748,-2.1219120764236967,-0.840530687495811
FDE0117,0.4387624812370726,-2.12317909922701,-0.8422083089949688
CMM0487,0.42508356457549296,-2.1099929174819136,-0.8424546764532104
BQS0525,0.425179992308326,-2.110103050388153,-0.8424615290399134
CCR0863,0.43804305690177464,-2.1247678713514717,-0.8433624072248486
SBN0866,0.4253244750559293,-2.114372033750178,-0.8445237793471244
JMW0638,0.4468473635848396,-2.1366576986009367,-0.8449051675080486
FFC0891,0.42591000611916446,-2.1158080307195304,-0.8449490123001829
EMB0531,0.42759649136230515,-2.1179086536679788,-0.8451560811528368
DLH0029,0.45709929318895354,-2.14858235960707,-0.8457415332090583
MBW0809,0.42468470316309637,-2.118435511836411,-0.8468754043366573
FBA0348,0.4474724201875818,-2.141998264326876,-0.847262922069647
SJF0094,0.43285803690527414,-2.1277349462136614,-0.8474384546541937
SEJ0677,0.4383761255640525,-2.135297632279169,-0.8484607533575583
CCW0031,0.4358257507507558,-2.13276402610734,-0.8484691376782922
KSH0569,0.4170217602830409,-2.115192453105741,-0.84908534641135
EHB0420,0.4395724613880368,-2.137989409908396,-0.8492084742601795
JCR0172,0.41685736116233096,-2.1186633072706673,-0.8509029730541682
SMW0084,0.423401809417548,-2.1262139923148746,-0.8514060914486633
RHP0484,0.4230338502270246,-2.1268885807129068,-0.8519273652429411
MOP0763,0.42989180853457476,-2.1340764546040925,-0.8520923230347588
HDD0789,0.41635388110219174,-2.1207670942513044,-0.8522066065745564
CJV0286,0.4081719948671044,-2.1182159593008794,-0.8550219822168874
KPC0073,0.4433415237298238,-2.1564209504267913,-0.8565397133484838
HJA0018,0.44054319095605926,-2.158572861894353,-0.8590148354691469
BAH0875,0.4349115685600919,-2.156018549830896,-0.860553490635402
ORG0339,0.4303345486676846,-2.152342548414629,-0.8610039998734721
IRT0491,0.4189236953090593,-2.143492118738903,-0.8622842117149218
MAD0496,0.42914774077402157,-2.155358165644449,-0.8631052124352137
SAH0599,0.41698659679007066,-2.1490497517124543,-0.8660315774611917
SGB0140,0.43624203492756125,-2.17042211513925,-0.8670900401058443
MTB0620,0.42908644176900285,-2.1636132360109235,-0.8672633971209603
HSB0196,0.4561443639541141,-2.1907774354643683,-0.8673165357551271
SDO0170,0.4274755328441799,-2.1622063087539125,-0.8673653879548663
SBN0495,0.4211607048980409,-2.1563552478981407,-0.86759727150005
HPH0075,0.4305234867915081,-2.1673976261643735,-0.8684370696864327
GQF0659,0.4123171811846186,-2.1502884128252333,-0.8689856158203073
EMS0317,0.4372082313906412,-2.17630243608274,-0.8695471023460494
UBF0645,0.4532683914487675,-2.1952170142008387,-0.8709743113760355
AHC0142,0.42989709715542657,-2.172692657911622,-0.8713977803780978
MCF0327,0.41976266975451676,-2.1630416183966186,-0.8716394743210509
ZSK0258,0.41580935486624626,-2.1593580946362585,-0.8717743698850061
HBO0413,0.4160276029044971,-2.1610852449839206,-0.8725288210397117
BJW0619,0.41364401659130595,-2.1597163981651817,-0.8730361907869378
IKR0401,0.4439133135646377,-2.1903297780479436,-0.873208232241653
MVB0515,0.4211975028253275,-2.168877724947537,-0.8738401110611047
KNB0022,0.44014600771518436,-2.1881584127815317,-0.8740062025331736
BYP0070,0.47779899470338,-2.227474496903166,-0.874837751099893
RRA0938,0.4494441360389391,-2.200897130504279,-0.8757264972326698
ECL0930,0.4339556489643542,-2.1859519863455197,-0.8759981686905828
GCC0945,0.4293950474255406,-2.182800776583753,-0.8767028645791063
AJR0319,0.43656801913069365,-2.191112809101582,-0.8772723949854442
BBG0325,0.41631768441987166,-2.1708914956364564,-0.8772869056082924
SNS0129,0.43065100982880067,-2.1862782735809803,-0.8778136318760899
ACV0812,0.4288313162945494,-2.187735600673162,-0.8794521421893062
KJM0887,0.4149779353751246,-2.1740632221688974,-0.8795426433968864
HAH0248,0.4127359198875419,-2.172329107148323,-0.8797965936303906
WDO0870,0.4336776279368054,-2.1941609774804935,-0.880241674771844
IRM0931,0.4400667345447103,-2.2011274020103553,-0.8805303337328225
BCB0679,0.4194074366468358,-2.1806690572103418,-0.880630810281753
LJB0826,0.4223298285829891,-2.188313731044865,-0.882991951230938
NOB0181,0.43938475250343584,-2.205553760590751,-0.8830845040436576
GNS0178,0.4322612559469641,-2.198654777344283,-0.8831967606986595
ZJE0857,0.44332682405813967,-2.2097579295261593,-0.8832155527340099
DTT0076,0.4231981416262861,-2.1922524374171033,-0.8845271478954086
CAM0681,0.4323185650552922,-2.2033927045068005,-0.8855370697257541
ASD0577,0.4131779808722205,-2.1845905986316545,-0.885706308879717
TSM0363,0.43534393264137106,-2.209911248329487,-0.887283657844058
XLB0710,0.41940677191129,-2.1941036550034814,-0.8873484415460957
ATF0274,0.4340475444358998,-2.2092983108387916,-0.8876253832014459
CTW0500,0.4307459435850949,-2.2080117524965073,-0.8886329044557062
SOB0586,0.4267703334690461,-2.2048552370637604,-0.8890424517973572
HJS0072,0.44355193217798944,-2.221793515002521,-0.8891207914122657
TDJ0998,0.41241678618718863,-2.190717351757196,-0.8891502827850037
RAM0447,0.43673778886949444,-2.2159038410479193,-0.8895830260892124
DHM0937,0.445882028383095,-2.2252021395131947,-0.8896600555650498
TLM0797,0.4143028910689648,-2.1975250919533895,-0.8916111004422124
NSS0876,0.41217319323964774,-2.1962982070536254,-0.8920625069069889
BRM0995,0.41341744284958226,-2.198654198171135,-0.8926183776607763
OLW0689,0.4534429878186273,-2.240025295212134,-0.8932911536967534
SES0477,0.4140238450303518,-2.2008103694299916,-0.89339326219982
CMB0912,0.4318513426030325,-2.2192017318903092,-0.8936751946436383
HWW0436,0.4191710476206743,-2.208990639478276,-0.8949097959288009
DID0650,0.44137733437233845,-2.2322067233823097,-0.8954146945049857
JJB0127,0.4344638885176871,-2.2265732063064574,-0.8960546588943852
SJC0333,0.4241390661246601,-2.2167678231536865,-0.8963143785145131
KQS0415,0.44128696962577274,-2.2347292061368957,-0.8967211182555614
GLR0975,0.42672879587417184,-2.2205003375406025,-0.8968857708332153
LOF0311,0.4153753296048267,-2.2112683182701747,-0.897946494332674
RVC0232,0.43479801674809465,-2.230984142445407,-0.8980930628486561
JCV0245,0.4169970902044375,-2.214099884654455,-0.8985513972250088
CCH0182,0.41584915396435074,-2.2133316076750713,-0.8987412268553603
KAT0270,0.40899750131655793,-2.208991586201169,-0.8999970424423056
DGN0480,0.42610611491363537,-2.2269695767741706,-0.9004317309302676
PMC0328,0.4352893907224418,-2.23720773728018,-0.9009591732788692
WGR0833,0.43089264484386514,-2.233770546858026,-0.9014389510070804
MIL0255,0.41666011341407755,-2.219546387394741,-0.9014431369903317
CAC0889,0.41718187381607297,-2.220075880162516,-0.9014470031732214
AIB0948,0.44665497424411477,-2.2496754171821327,-0.9015102214690089
IIL0513,0.42101872929459433,-2.2250105449781827,-0.9019959078417942
HMW0713,0.4212719843486479,-2.225675296286822,-0.9022016559690871
HAV0121,0.42522955751989044,-2.2297822109166536,-0.9022763266983815
MOH0273,0.4412818409416375,-2.2472439235233606,-0.9029810412908615
KES0729,0.42292076649400573,-2.2292212662836364,-0.9031502498948153
CSC0217,0.4207189399835975,-2.2277052481211856,-0.903493154068794
MBJ0312,0.41943640355790013,-2.2293295819264975,-0.9049465891842987
LBF0214,0.40980979798014316,-2.2214541040574782,-0.9058221530386675
USH0199,0.4297257930401431,-2.2430044475975364,-0.9066393272786967
HRB0351,0.4092031869955396,-2.2225718800483127,-0.9066843465263865
LHB0967,0.42335432219098285,-2.2381222711142805,-0.9073839744616489
AAE0190,0.4062327576032506,-2.2246296838433977,-0.9091984631200736
AVM0947,0.43186629283046896,-2.2521608768341457,-0.9101472920018383
JLW0053,0.4199050452871742,-2.2417833002446446,-0.9109391274787352
MKW0441,0.4168797730775549,-2.2397733190282856,-0.9114467729753654
GHH0288,0.4284940116484583,-2.2531956635162214,-0.9123508259338815
BNR0965,0.44195034143510037,-2.267351059216311,-0.9127003588906053
CJK0200,0.4276820214411676,-2.256125694767936,-0.9142218366633842
MAH0149,0.41431826094745267,-2.2427746403841833,-0.9142281897183653
VEB0935,0.4343941579092746,-2.262996387399447,-0.9143011147450861
JMB0308,0.4247027294211096,-2.254216795496586,-0.9147570330377381
IKP0472,0.43155022190151626,-2.264611329781533,-0.9165305539400084
GCC0744,0.42494667007308284,-2.2612678976941853,-0.9181606138105513
MKL0941,0.42627511126234724,-2.2658743688920913,-0.919799628814872
PEV0323,0.4290663878661175,-2.272607948897024,-0.9217707805154531
BHC0665,0.4128831898100929,-2.256958061805775,-0.9220374359978412
APG0307,0.40041512068615914,-2.2463441940939086,-0.9229645367038748
SJO0209,0.4252399440115066,-2.2721492705387663,-0.9234546632636298
DBG0261,0.4145900095245119,-2.26157174264174,-0.9234908665586141
JTS0389,0.44323936727183677,-2.2924898139345196,-0.9246252233313415
WIQ0567,0.4270989838636121,-2.277044665283033,-0.9249728407097105
RMS0266,0.4128619770998747,-2.263210667434039,-0.9251743451670822
GRM0868,0.4164671795629312,-2.267941171306301,-0.925736995871685
HCL0651,0.4317859129897215,-2.283439585655206,-0.9258268363327423
DPS0262,0.4695204015382256,-2.3213561038245745,-0.9259178511431745
ELT0769,0.42908775404222155,-2.281400236381569,-0.9261562411696738
AJC0840,0.4305218798270202,-2.283417032858449,-0.9264475765157143
PMJ0564,0.42046525079452296,-2.273413629698651,-0.9264741894520641
DLF0377,0.4229039108481063,-2.2769617516917218,-0.9270289204218077
JRS0362,0.4173916892137676,-2.2719852859914353,-0.9272967983888338
MKP0861,0.4387518283672611,-2.2964599750954884,-0.9288540733641136
HCS0003,0.42615117352894777,-2.284497562475242,-0.9291731944731471
BBS0039,0.38897759253235825,-2.2474943655954274,-0.9292583865315346
KWE0082,0.43808762527048417,-2.2967069248045964,-0.9293096497670561
ETR0428,0.4118709934833864,-2.2707592589337353,-0.9294441327251745
RNP0211,0.42467615746264964,-2.283924697406841,-0.9296242699720957
AMR0400,0.4251876838891671,-2.286269217941358,-0.9305407670260956
CNE0352,0.4346306539131631,-2.2980295074012163,-0.9316994267440266
BIS0247,0.4172936147057551,-2.281865260288693,-0.932285822791469
SED0886,0.41335391792863846,-2.2810690474708575,-0.9338575647711095
KRL0062,0.4249175715463887,-2.2927061262312023,-0.9338942773424068
JAM0382,0.4248052564867968,-2.294201559414387,-0.9346981514637951
MVH0373,0.4163911712636212,-2.287576688077214,-0.9355927584067963
WIF0691,0.4219574111068267,-2.2935722978863717,-0.9358074433897725
RHY0079,0.4213119544323776,-2.2929817774477868,-0.9358349115077046
ASS0517,0.4207178524736744,-2.293071681394158,-0.9361769144602418
AAN0823,0.4301043994431137,-2.3035084857513572,-0.9367020431541218
VIA0063,0.4179945811875617,-2.292706783753534,-0.9373561012829861
BJH0354,0.4386917720726954,-2.3140604747621385,-0.9376843513447215
BDV0168,0.4227436016382477,-2.2994881061278662,-0.9383722522448092
KCF0045,0.4283894957126437,-2.3067594462758243,-0.9391849752815903
WTR0563,0.4180670325020197,-2.2966437850388934,-0.9392883762684369
CEL0561,0.43107435629843216,-2.3097765525062077,-0.9393510981038877
CSL0949,0.41216353442967246,-2.2917412795553713,-0.9397888725628494
SAT0194,0.450310620140955,-2.3315580565344463,-0.9406237181967456
PGH0184,0.4158027688098715,-2.2982063507653,-0.9412017909777142
EAH0466,0.4343645467629122,-2.317010672169642,-0.9413230627033649
RUM0880,0.40852690593407703,-2.2934516388090467,-0.9424623664374848
JDC0030,0.4027617423762121,-2.291222168723537,-0.9442302131736624
NMS0280,0.4197038397367063,-2.3082965452890547,-0.9442963527761742
DIC0988,0.42904904664649385,-2.3181222092568445,-0.9445365813051754
FSC0601,0.43908649265421895,-2.3294900265002854,-0.9452017669230333
EIM0156,0.4089663992368613,-2.3008734017315464,-0.9459535012473426
BCR0581,0.438641067395568,-2.332605181007368,-0.9469820568058999
AMH0794,0.4173892417590117,-2.315992192831022,-0.9493014755360051
GCR0554,0.42873327111299053,-2.3285838270143793,-0.9499252779506944
CAN0842,0.42143835634699117,-2.321649226221376,-0.9501054349371925
HWM0342,0.432718621740746,-2.3339206651112576,-0.9506010216852558
FGW0853,0.4350752632675592,-2.33676443220495,-0.9508445844686955
IWM0816,0.40975561372261154,-2.311708529185264,-0.9509764577313262
KMB0922,0.4245897968634889,-2.3273409819434163,-0.9513755925399637
JOM0750,0.4186677755372283,-2.3259006932672985,-0.9536164588650351
PAD0773,0.42418100229934613,-2.3322143176735053,-0.9540166576870796
AIP0394,0.42091718386404015,-2.3312572298537604,-0.9551700229948601
CKH0144,0.42383273809650385,-2.3353919272269508,-0.9557795945652234
GCL0016,0.4219724604601474,-2.334543833747878,-0.9562856866438653
KQC0708,0.4427848445001838,-2.357400050676185,-0.9573076030880007
CTR0341,0.4207925816918723,-2.336830371382732,-0.9580188948454299
YDN0198,0.41662333076353847,-2.3338523986831676,-0.9586145339598146
SLB0049,0.3998337884301514,-2.318910503731711,-0.9595383576507797
CCM0855,0.42191977258211993,-2.343059200366909,-0.9605697138923945
IJR0825,0.41729779559910396,-2.3403351360507814,-0.9615186702258387
NWT0098,0.4190464512229768,-2.3451245413420416,-0.9630390450595324
ABM0845,0.40203831240158255,-2.329291700571668,-0.9636266940850426
HCW0419,0.43334927450603117,-2.362179435073647,-0.964415080283808
ESR0693,0.4330056075571576,-2.3641589697639303,-0.9655766811033863
KPP0452,0.43033521308571554,-2.3627385774914242,-0.9662016822028543
ICS0956,0.40269724327549444,-2.3368395075198887,-0.9670711321221971
SOG0411,0.40678911158446684,-2.341011197305445,-0.967111042860489
GAF0060,0.41792160398542566,-2.353867230827997,-0.9679728134212856
SGM0021,0.41219983152348844,-2.34819950100593,-0.9679998347412206
UIR0043,0.4373143136764707,-2.3742717554868658,-0.9684787209051975
HLH0512,0.42277508721273277,-2.3606176767814455,-0.9689212947843564
KSP0357,0.43065879399188267,-2.369155211698348,-0.9692482088532326
FPC0954,0.432204298111031,-2.3708435856585677,-0.9693196437737683
TET0621,0.4159819944198443,-2.3555581763323232,-0.9697880909562395
WDV0573,0.39167086866480944,-2.331581530408182,-0.9699553308716864
ECR0822,0.4076926057991855,-2.3483448795827524,-0.9703261368917835
ACC0042,0.4161451701381305,-2.358296504746469,-0.9710756673041692
ONL0276,0.4170290229093341,-2.3615900725873966,-0.9722805248390313
ILH0958,0.4250725579383205,-2.3727887259790426,-0.973858084020361
SBQ0786,0.40639904981495883,-2.354622037494892,-0.9741114938399666
GJD0298,0.40680215404519354,-2.3550396333109664,-0.9741187396328864
CLD0894,0.4026962144122121,-2.3527801700467768,-0.9750419778172823
KMW0545,0.40883553422275715,-2.3602561446322494,-0.9757103052047461
WAS0254,0.41071671513162156,-2.364766572536834,-0.9770249287026062
GAF0570,0.4250980675181719,-2.3825213121927056,-0.9787116223372668
CIG0052,0.4281865983805066,-2.38591753066544,-0.9788654661424667
CLS0296,0.3915327828301603,-2.3493269767051665,-0.9788970969375032
JJM0203,0.3962407683729991,-2.354926474472804,-0.9793428530499024
AJP0723,0.42251803432406726,-2.3816294702013687,-0.9795557179386507
AES0827,0.4136789191974365,-2.3741982335499707,-0.9802596571762672
BDB0453,0.41174314092119946,-2.376183506572365,-0.9822201828255828
CIM0271,0.41936149376157716,-2.3894502252100844,-0.9850443657242536
JFC0757,0.42061424974209916,-2.392061989996539,-0.98572387012722
ADD0846,0.4120665638836508,-2.383603442770426,-0.9857684394433877
MCJ0324,0.4139021087264363,-2.386546383839468,-0.9863221375565158
PDW0259,0.4044771528740538,-2.378742691834912,-0.987132769480429
WLV0566,0.4286029343856729,-2.4033438179226154,-0.9873704417684712
CKB0482,0.42149538469691067,-2.4000546270129846,-0.9892796211580369
OBH0499,0.40335623767246886,-2.382533713967425,-0.9895887381474782
CAS0507,0.4205744067247629,-2.3999578269536017,-0.9896917101144194
TIW0299,0.4209913688758299,-2.4009310592030237,-0.989969845163597
NJC0705,0.40552719836852796,-2.3863454931804853,-0.9904091474059786
IUB0565,0.40267616663824884,-2.384232613545402,-0.9907782234535766
LBC0356,0.4280771875565479,-2.410641500846537,-0.9912821566449946
CFG0959,0.40709811543441726,-2.3908597849133693,-0.991880834739476
AQD0820,0.4223109933172823,-2.4064289110241277,-0.9920589588534228
SLT0907,0.41656162318604584,-2.4015222708355117,-0.992480323824733
SIJ0661,0.39629919525304574,-2.381306791974218,-0.9925037983605862
YEV0793,0.4193821721946063,-2.4047540308064965,-0.9926859293059451
ICH0294,0.40556520804530394,-2.3914401965951027,-0.9929374942748994
HGG0240,0.4073996315690177,-2.396417934421371,-0.9945091514261766
AJR0932,0.4207742891284275,-2.4112728297902537,-0.995249270330913
IBB0359,0.4311695527372672,-2.421732104895644,-0.9952812760791885
ZSB0649,0.4053002685955222,-2.3969119962294014,-0.9958058638169396
MSH0040,0.42978374351275306,-2.421523408208497,-0.9958698323478719
KBG0549,0.4350057606920119,-2.4273821740814143,-0.9961882066947012
NGF0157,0.42319293679651765,-2.416987862788094,-0.9968974629957882
KCS0173,0.4198242883082315,-2.4147627998823316,-0.99746925578705
AKR0057,0.4286851127079526,-2.4248900012623933,-0.9981024442772204
HPR0585,0.4158219972098405,-2.4132678870488213,-0.9987229449194904
ENL0100,0.4311288840329504,-2.429969864940005,-0.9994204904535274
PGC0066,0.42667421782833886,-2.426592824161808,-0.9999593031667345
PMV0850,0.4045897186385535,-2.4050654075225966,-1.0002378444420215
AKH0758,0.40235039036641984,-2.404434515672316,-1.0010420626529482
BSS0369,0.414860605607381,-2.418175920307612,-1.0016576573501155
JKJ0698,0.3996085756699395,-2.4033234491254425,-1.0018574367277515
DMG0358,0.4059362217528057,-2.4096887295073084,-1.0018762538772514
DCH0843,0.3987073397107158,-2.4062626154960656,-1.0037776378926748
EHD0584,0.4076492002882249,-2.4175717433343036,-1.0049612715230394
HTF0641,0.4076695873838516,-2.418522672401502,-1.0054265425088251
LNR0656,0.4170448818739238,-2.4309020799246754,-1.0069285990253758
KJS0618,0.40308793900505596,-2.4186506919868824,-1.0077813764909131
DGW0752,0.4058066366910795,-2.4219843360144635,-1.008088849661692
THD0448,0.4167327238251799,-2.4338044621793973,-1.0085358691771087
XAA0104,0.4182588970824102,-2.435488672100046,-1.008614887508818
JLM0364,0.40656690108965143,-2.4238890209368034,-1.008661059923576
JAV0361,0.42299743035404536,-2.4414650760791514,-1.009233822862553
CRO0027,0.4170224339146936,-2.4355059696610764,-1.0092417678731913
DAG0558,0.43766265745287564,-2.46051326278658,-1.011425302666852
MFV0897,0.4268926821472675,-2.4499278281504995,-1.011517573001616
BLL0929,0.44580580892804966,-2.4692054696484558,-1.011699830360203
MKG0711,0.4127531071372358,-2.4365523086968435,-1.0118996007798038
KKW0879,0.4219497186740607,-2.4463121069493625,-1.0121811941376508
SCF0608,0.4149463141110556,-2.4404718117814523,-1.0127627488351985
DDA0476,0.40549522109305286,-2.4317986421690474,-1.0131517105379972
JER0404,0.42236230606105996,-2.449864345970724,-1.013751019954832
JCG0316,0.425559883067747,-2.454037314956333,-1.014238715944293
MLM0950,0.408198023095329,-2.436952967931603,-1.0143774724181371
HTH0007,0.3996774830691342,-2.4314991611550103,-1.015910839042938
YWW0660,0.42703522316540093,-2.45997121950448,-1.0164679981695395
QNP0216,0.41850019705697517,-2.452913167857662,-1.0172064854003435
CFM0767,0.4143157096643987,-2.449133791895189,-1.0174090411153953
LDD0560,0.43822226670781983,-2.474379458959477,-1.0180785961258285
NGC0058,0.4206120654238159,-2.457073216236599,-1.0182305754063916
BIH0745,0.43241855641193677,-2.4691876217016016,-1.0183845326448324
HDJ0446,0.4117932360262929,-2.4503113561574614,-1.0192590600655842
JSH0330,0.4114045461479184,-2.450174955455037,-1.0193852046535592
KLH0596,0.418134692327029,-2.4588953139088034,-1.0203803107908873
IBP0883,0.414037322441438,-2.4548240986389964,-1.0203933880987792
KCB0815,0.41929709374745355,-2.462095591431199,-1.0213992488418726
BLS0678,0.4121163092822355,-2.456682274237779,-1.0222829824777717
IJW0851,0.4014045657832884,-2.4465282013412826,-1.022561817778997
KRL0501,0.4168322583132211,-2.4621618638249836,-1.0226648027558811
JCR0770,0.424318715530985,-2.471146868109785,-1.0234140762894
MTT0901,0.41209168385931866,-2.459745370054654,-1.0238268430976676
ZJS0269,0.4035156361595211,-2.4518690129047394,-1.0241766883726091
MNS0224,0.41505571554066634,-2.4640784694848787,-1.0245113769721061
JCC0225,0.4116169054922603,-2.4615741955092694,-1.0249786450085046
HWY0038,0.41457294699965147,-2.4651809931982225,-1.0253040230992856
AJH0175,0.40975301645432227,-2.4604125148127958,-1.0253297491792368
SXM0895,0.40301148291326505,-2.453853824167955,-1.0254211706273448
SRH0155,0.3976412457773339,-2.449090961327355,-1.0257248577750107
ASG0048,0.41206478540298447,-2.4641059439989803,-1.026020579297998
CAH0936,0.4169587489689963,-2.4690827661162813,-1.0260620085736425
WPE0538,0.39701624316041717,-2.4500952385999084,-1.0265394977197455
DIB0081,0.42281244211868413,-2.478123508716637,-1.0276555332989763
HSP0290,0.40698615549313416,-2.4629791017507396,-1.0279964731288027
LOM0086,0.41663761999094806,-2.4736317989329217,-1.0284970894709868
UAD0771,0.42014571535870626,-2.477697454510872,-1.028775869576083
GOK0238,0.4089994655082532,-2.4675608915873193,-1.029280713039533
MDH0580,0.4095723426384488,-2.468361911952488,-1.0293947846570195
SMH0291,0.42121392908760746,-2.480721750397411,-1.0297539106549016
KNW0644,0.391283682990448,-2.4508213787584094,-1.0297688478839806
NNS0059,0.4211718620412773,-2.4818003141800355,-1.0303142260693792
ASG0692,0.4212819933014097,-2.482615587024351,-1.0306667968614707
JOL0024,0.41286388037752625,-2.474703346713205,-1.0309197331678395
SSS0345,0.40747133491631726,-2.4697516054405915,-1.0311401352621372
ARB0881,0.3938424372248053,-2.4573189184583772,-1.0317382406167859
DSM0591,0.3926195802893656,-2.4565101230130177,-1.031945271361826
LAM0911,0.4112009452980855,-2.4763641963108403,-1.0325816255063773
HCL0113,0.40962445578277223,-2.4767695162223076,-1.0335725302197676
BKW0374,0.4316585574243401,-2.50046397266976,-1.03440270762271
NMG0766,0.40583468068961337,-2.4772148489584023,-1.0356900841343943
AGB0643,0.43270660556412766,-2.506084591719525,-1.0366889930776986
XWD0923,0.4072017831531167,-2.4809342199419078,-1.0368662183943955
CCM0467,0.4234165771306187,-2.4975598102152854,-1.0370716165423333
FLM0213,0.4042707944994642,-2.4786606474202437,-1.0371949264603897
BXJ0010,0.410534813700555,-2.4859831106890082,-1.0377241484942266
AAM0658,0.4164056034667534,-2.4919119581380924,-1.0377531773356694
ASL0378,0.3957951152575328,-2.471606842120346,-1.0379058634314065
CCW0524,0.4024650955134804,-2.4784201338453475,-1.0379775191659335
JGM0934,0.43242317508248324,-2.5093740825999187,-1.0384754537587177
KTG0091,0.39717582510344923,-2.4755544741420246,-1.0391893245192876
NWK0215,0.40350076490714576,-2.483380247574052,-1.039939741333453
RRC0553,0.42736732385565207,-2.5080371867158617,-1.040334931430105
WDD0366,0.40718495020227746,-2.488302647862804,-1.0405588488302633
KAT0489,0.4023424318211895,-2.4838888567186856,-1.040773212448748
SBD0913,0.41113146593100935,-2.4930367481224374,-1.040952641095714
AGB0186,0.4137050369870676,-2.4966094860935133,-1.0414522245532227
IUY0279,0.4128088331599238,-2.4998374766688567,-1.0435143217544665
ELH0960,0.4308468212552917,-2.5179683724161257,-1.043560775580417
RRP0568,0.40608453046550796,-2.4943026378799735,-1.0441090537072328
CAB0388,0.41034862070832134,-2.499486578594255,-1.0445689789429666
JBM0350,0.4011559871510737,-2.490927083007935,-1.0448855479284305
RGG0064,0.3988754372775912,-2.4886814544608398,-1.0449030085916242
ASM0575,0.410169460438776,-2.5006521491511577,-1.045241344356191
SER0165,0.41600411653200575,-2.506640954070686,-1.04531841876934
MSS0001,0.3990171675582792,-2.4915692410384027,-1.0462760367400619
PLH0862,0.4181133900197299,-2.5106813603478937,-1.046283985164082
GTD0898,0.400961592598374,-2.493809013268034,-1.04642371033483
ANP0555,0.4118870991710145,-2.5099499836840637,-1.0490314422565246
SHR0334,0.4219391339409455,-2.5200938299519002,-1.0490773480054774
VSS0154,0.402403168163993,-2.5023956593963,-1.0499962456161536
EPW0434,0.4023177190485858,-2.502436896100798,-1.0500595885261061
ALH0402,0.40412449983811827,-2.5043979158671297,-1.0501367080145056
OKC0107,0.4112295754925817,-2.512274677601215,-1.0505225510543166
MPM0220,0.4207410605704598,-2.523503673347136,-1.0513813063883382
CSB0080,0.39303452326106675,-2.49820299076783,-1.0525842337533817
KLM0639,0.41434439797206746,-2.522219861487954,-1.0539377317579433
TYB0779,0.43757577224928285,-2.545893319169384,-1.0541587734600506
SMY0792,0.41183781514041595,-2.5204753531130684,-1.0543187689863263
KWC0004,0.4076449155738789,-2.5170057708695226,-1.0546804276478219
MLP0668,0.4045582932302743,-2.513983477775596,-1.0547125922726608
MAR0955,0.40894926006486226,-2.518596995020431,-1.0548238674777843
JTM0223,0.40821137115910683,-2.5185726259332677,-1.0551806273870805
OYM0026,0.4121168133647235,-2.5230716015977053,-1.0554773941164908
WXH0872,0.42173151060737646,-2.5334831326636644,-1.055875811028144
SAK0375,0.4112999326720898,-2.5238912509250384,-1.0562956591264743
IAT0263,0.42091735402654096,-2.533531463017511,-1.056307054495485
CSJ0340,0.40949547655480106,-2.523358856073526,-1.0569316897593624
DOP0562,0.418929441525968,-2.5337852532415583,-1.0574279058577951
SAA0999,0.41897046750387423,-2.5355949760941514,-1.0583122542951386
GNZ0953,0.40109845675233996,-2.5177534533865877,-1.0583274983171238
LHN0151,0.4158634962076728,-2.5327006620686534,-1.0584185829304902
SGG0787,0.4145272836816084,-2.5315572876642287,-1.05851500199131
CKP0721,0.43167046791948,-2.550038062728463,-1.0591837974044915
BTL0226,0.41279323215742847,-2.5312785111934826,-1.059242639518027
MES0407,0.3956987911223181,-2.5151506258044845,-1.0597259173410831
VMJ0546,0.3993906644087799,-2.5190577641606002,-1.0598335498759102
MYD0978,0.41162091486697716,-2.532361501177476,-1.0603702931552492
BAK0964,0.40889708544876874,-2.531443806611888,-1.0612733605815596
MLG0475,0.40402438597762286,-2.5288057586923323,-1.0623906863573547
HLM0933,0.40870271303788525,-2.5336436184018907,-1.0624704526820028
HCM0267,0.4122011032698134,-2.537629831957913,-1.0627143643440498
PLH0715,0.4027201314257857,-2.528278179329537,-1.0627790239518755
AAV0450,0.4014097426388178,-2.5270364560656353,-1.0628133567134088
EGD0132,0.39232183464952414,-2.5185466563978207,-1.0631124108741483
HRD0635,0.40374233569602846,-2.5307360105167875,-1.0634968374103795
JCR0289,0.4077903099727218,-2.5356946931162603,-1.0639521915717691
RAH0440,0.40965442086948883,-2.5402363732616595,-1.0652909761960854
JJH0292,0.4109128555896128,-2.5442938361997314,-1.0666904903050594
NAR0981,0.40742920484027945,-2.5415660210091953,-1.067068408084458
DKB0631,0.4057401905578527,-2.5409461598427727,-1.06760298464246
KRV0372,0.3961172431582462,-2.5316245945485463,-1.06775367569515
ABC0253,0.39809382029203644,-2.536358148847853,-1.0691321642779084
RCC0617,0.4093982259033532,-2.5484639041191355,-1.069532839107891
AKK0329,0.4148012334100157,-2.5547608153707704,-1.0699797909803774
BRB0355,0.4116426712621828,-2.5528038212674167,-1.070580575002617
HJB0742,0.4238251648785551,-2.5659010586747044,-1.0710379468980746
CWR0502,0.4159136573914293,-2.559599667720927,-1.0718430051647487
OLF0504,0.3992549673765054,-2.5430625372347344,-1.0719037849291144
TUC0632,0.41365576429955025,-2.559175446027525,-1.0727598408639873
HKF0831,0.4189341274704481,-2.5656268700425175,-1.0733463712860347
RMW0542,0.4148951537511374,-2.5619672891465632,-1.073536067697713
DTP0379,0.4169182886438692,-2.565172840586778,-1.0741272759714544
ZSL0305,0.41652854448722615,-2.564784367227803,-1.0741279113702884
BVN0514,0.4014792233663432,-2.550779780787511,-1.0746502787105838
NMF0780,0.4191276189215781,-2.5703580677912536,-1.0756152244348378
HVF0067,0.39096164158844215,-2.542433000676191,-1.0757356795438744
NBC0412,0.3830364910928939,-2.535938851767464,-1.076451180337285
TJG0582,0.4223351036290912,-2.5753202916160105,-1.0764925939934598
SVL0940,0.4049866386478563,-2.5581969294738234,-1.0766051454129835
BSS0463,0.39020477190946323,-2.5434201348182013,-1.076607681454369
CXC0336,0.41646932237849593,-2.5708596261683283,-1.077195151894916
LDM0587,0.4120349008908422,-2.56729059341092,-1.0776278462600388
BMS0877,0.3936250636722438,-2.5489522782276137,-1.0776636072776848
HSG0818,0.4136557214924513,-2.56965892669437,-1.0780016026009593
FWM0707,0.4119254638859183,-2.5687575188122826,-1.0784160274631822
CLF0852,0.41649326569026357,-2.5736625163757827,-1.0785846253427596
SDF0017,0.391947139872234,-2.549357960228525,-1.0787054101781455
CRP0456,0.402146070818801,-2.5595845899586642,-1.0787192595699315
CCH0685,0.40307861455991334,-2.5629191817873997,-1.0799202836137431
JAD0609,0.4018029859647906,-2.562354318206807,-1.0802756661210082
QOS0878,0.4242202704754336,-2.5847805079726065,-1.0802801187485864
FTM0406,0.3999202149491145,-2.5614751538106924,-1.080777469430789
JMK0099,0.409611851908033,-2.571329628651549,-1.080858888371758
IDO0176,0.4163869775418014,-2.5781598831613595,-1.080886452809779
IIW0249,0.406120454376193,-2.568516254415917,-1.081197900019862
JPA0667,0.4166194684060208,-2.5793990861443854,-1.0813898088691822
DRR0242,0.39536773231694033,-2.5596170329388523,-1.082124650310956
IMB0481,0.39211014755713897,-2.5586983490988127,-1.0832941007708368
EBC0390,0.40014680993889695,-2.5672775685176723,-1.0835653792893876
POB0343,0.4157884229320025,-2.5830240746760658,-1.0836178258720317
TNM0961,0.3988159927400245,-2.5669221081720304,-1.084053057716003
SCP0130,0.3993903250455263,-2.567667171186669,-1.0841384230705713
SJW0451,0.40932367700848127,-2.578149891483757,-1.0844131072376377
HPM0986,0.4001491321782682,-2.5694113241684224,-1.0846310959950771
ESH0283,0.41318070265039286,-2.5839947441102153,-1.0854070207299111
IMP0530,0.4136084806947351,-2.5846328740874465,-1.0855121966963557
AAW0353,0.3986706487806909,-2.5714004378156043,-1.0863648945174567
TJB0302,0.414080287413907,-2.5873876000106253,-1.086653656298359
XHW0498,0.4049986560632631,-2.5817689798874865,-1.0883851619121117
MSZ0310,0.40281621863691625,-2.580692365426256,-1.0889380733946699
CLB0774,0.40647479222909466,-2.585210142369079,-1.0893676750699923
MJB0588,0.3998551097534287,-2.579566926442716,-1.0898559083446437
ESH0135,0.39843308958049534,-2.5789562520363107,-1.0902615812279077
JMD0520,0.3993748319311723,-2.58197377712102,-1.0912994725949239
ILR0304,0.40693609031223305,-2.5910568480362812,-1.092060378862024
WPR0368,0.3998083291099726,-2.584805897265468,-1.0924987840777476
SBH0537,0.41088958712237006,-2.59644237448472,-1.092776393681175
HAH0760,0.4160834903802746,-2.604460261223898,-1.0941883854218117
FRR0832,0.40841894714031934,-2.5974814219816795,-1.0945312374206801
FKK0055,0.4186162964303086,-2.608945785030468,-1.0951647443000798
RIH0777,0.3857630296264228,-2.576324392044126,-1.0952806812088516
DLS0383,0.4114443740575497,-2.6029287697575314,-1.0957421978499908
XBN0229,0.433262510159105,-2.625095220667082,-1.0959163552539883
PNL0301,0.40591891902990235,-2.5986164956504445,-1.0963487883102712
JDF0593,0.38593980247309606,-2.5791100138596863,-1.0965851056932951
GRC0145,0.4000463267885339,-2.5940931280861568,-1.0970234006488115
SBK0161,0.4125577416149856,-2.6071572048981504,-1.0972997316415825
MNR0829,0.3955456552593574,-2.590278121901007,-1.097366233320825
SGS0268,0.3988530809736241,-2.594523727000708,-1.097835323013542
HRW0550,0.40605390324282753,-2.602578719461157,-1.0982624081091648
KJJ0293,0.390296635874462,-2.5877505434882626,-1.0987269538069002
CCM0136,0.4008691245262517,-2.598765998248074,-1.0989484368609113
WKD0013,0.3997153529103375,-2.5977920737130993,-1.099038360401381
JRL0574,0.38684452211578024,-2.588818024228093,-1.1009867510561564
SSJ0784,0.39103589902321634,-2.5930403641423765,-1.10100223255958
RGH0728,0.4150316599052758,-2.6186146673655437,-1.101791503730134
AOK0844,0.41356090082212293,-2.6201944602108997,-1.1033167796943883
YJV0699,0.3970776848995686,-2.6056097582866986,-1.104266036693565
RAR0725,0.3925253151391477,-2.602045835317035,-1.1047602600889437
CQH0701,0.41209231147142383,-2.623082577947533,-1.1054951332380547
LTS0860,0.40734502777192894,-2.620407885220329,-1.1065314287242
MJM0510,0.389669391203279,-2.6035673793992626,-1.1069489940979917
RNL0695,0.4001522984955765,-2.6147566415400854,-1.1073021715222544
YJF0532,0.42708881235491397,-2.641800301099012,-1.107355744372049
SOF0808,0.3935840570693725,-2.608584651880151,-1.1075002974053894
JNA0559,0.39346248657109234,-2.610460804424355,-1.1084991589266313
SAC0592,0.387791597236638,-2.60586552945708,-1.109036966110221
JFC0557,0.4016864567614744,-2.619908771568803,-1.1091111574036643
BJP0134,0.39722080712663715,-2.6172589997186417,-1.1100190962960024
PRM0740,0.41047377779809524,-2.6315981836161795,-1.110562202909042
OQH0183,0.41296823833789903,-2.6341253084166496,-1.1105785350393753
PTH0552,0.3978051432859768,-2.619976507911518,-1.1110856823127706
NNA0610,0.4225499395015927,-2.645037869748402,-1.1112439651234047
EMW0772,0.40239976246558995,-2.625780371080348,-1.1116903043073791
ABN0239,0.41126771098406134,-2.6390437198164145,-1.1138880044161765
JHP0583,0.3946701755757488,-2.625025718830269,-1.1151777716272602
MHA0798,0.3979158101758187,-2.6285004112676447,-1.115292300545913
MAW0166,0.40001426355905323,-2.6306817370613405,-1.1153337367511436
SSR0278,0.3943914141322762,-2.625170791222691,-1.1153896885452075
AJN0607,0.41889107114640667,-2.6508980643473845,-1.1160034966004888
ERH0449,0.40596598583689286,-2.639566904307776,-1.1168004592354417
TSB0437,0.3935583234810182,-2.628157652016188,-1.117299664267585
LPH0572,0.39986110097694155,-2.635087703665713,-1.1176133013443859
DJS0682,0.40866333966971746,-2.643967834864996,-1.1176522475976394
NAB0903,0.39963069460855666,-2.635018856507775,-1.1176940809496092
ANM0123,0.40599784146864015,-2.6425386210593476,-1.1182703897953536
BBH0810,0.4149350569621156,-2.6519800537215206,-1.1185224983797024
IMG0320,0.409360476026629,-2.6465227104253124,-1.1185811171993416
GTD0219,0.3900245876933882,-2.6286069014345714,-1.1192911568705917
ALC0788,0.3920976898814507,-2.636102247975845,-1.122002279047197
HVB0037,0.40401332483078706,-2.6492389875259437,-1.1226128313475783
WRM0963,0.3840843131918707,-2.6307695723599682,-1.1233426295840487
ECF0828,0.4115109703896949,-2.6586692148841844,-1.1235791222472447
UJC0737,0.4027664930444528,-2.6505950184984304,-1.1239142627269887
MIM0712,0.4094063212357182,-2.6586283561029904,-1.1246110174336361
VTT0385,0.391674423522103,-2.6451613757337666,-1.126743476105832
AJF0370,0.42883574573995537,-2.6825879333093123,-1.1268760937846785
AKW0167,0.4084196403190196,-2.6623165725731095,-1.126948466127045
WSR0241,0.41230390989585564,-2.666432236543583,-1.1270641633238636
BMM0112,0.41303993492483493,-2.6714455812188036,-1.1292028231469844
IEB0153,0.41227348969481203,-2.6714146368031746,-1.1295705735541812
FEB0306,0.39952253070424065,-2.6619111790779972,-1.1311943241868783
PSF0133,0.39615425900839346,-2.6590032955023943,-1.1314245182470004
CNM0800,0.4064059817863571,-2.6696338630003944,-1.1316139406070187
CKD0680,0.4049826999197698,-2.6686325883332382,-1.1318249442067343
CCC0393,0.40782241942558145,-2.6718560740338884,-1.1320168273041535
ALD0544,0.3981876539623707,-2.665077210784528,-1.1334447784110788
AJD0074,0.38956888976196286,-2.6589438775871725,-1.1346874939126048
SHW0578,0.3931044993111569,-2.663257320389464,-1.1350764105391535
NRF0137,0.40581365009932585,-2.676137759505885,-1.1351620547032797
NMB0972,0.39347409015141166,-2.6643686761852488,-1.1354472930169186
OLB0749,0.41092486842891607,-2.6818870255838285,-1.1354810785774563
LQC0479,0.38565728801668875,-2.6567046915624486,-1.1355237017728799
JSA0775,0.4051196979540785,-2.67632541238729,-1.1356028572166057
AMV0036,0.3987799216434259,-2.67033964905886,-1.135779863707717
JAJ0849,0.40534566483288736,-2.6775817956652914,-1.136118065416202
DCC0160,0.39690061209887284,-2.6699753120177183,-1.1365373499594227
JRF0835,0.38244463465242373,-2.6555314542177686,-1.1365434097826723
QSV0778,0.3946763433768316,-2.673395517032519,-1.1393595868278439
MAE0331,0.41611916637623675,-2.6962699671196417,-1.1400754003717024
AMM0014,0.4039562116370365,-2.684121572534838,-1.1400826804489008
NCK0295,0.38940198544253896,-2.6712534301169932,-1.140925722337227
ARL0034,0.40929812751677114,-2.691181486856452,-1.1409416796698404
MDH0686,0.4277500537083202,-2.7113366913811805,-1.1417933188364302
MBR0724,0.3877164554902147,-2.673676860834053,-1.1429802026719191
DOL0332,0.38960942786734953,-2.677519390016425,-1.1439549810745377
ZFM0468,0.4063649634680091,-2.6952746587486223,-1.1444548476403065
SRS0231,0.415485283523669,-2.704928070214804,-1.1447213933455676
DFR0218,0.39622136861555757,-2.6885530639408146,-1.1461658476626284
CBB0365,0.39805486695097125,-2.6906346494777993,-1.146289891263414
TPH0474,0.38825072617537265,-2.681293510280865,-1.1465213920527462
HIA0414,0.411536586949557,-2.7063010400535843,-1.1473822265520137
UFK0208,0.3931580638833934,-2.688442450098908,-1.1476421931077574
HWH0646,0.399467124134734,-2.695260698239923,-1.1478967870525945
OHC0973,0.3874799469644984,-2.6833727659607507,-1.1479464094981262
KJA0152,0.39933436953532636,-2.6954741360814136,-1.1480698832730436
RDT0424,0.39441972907977274,-2.6940166377902535,-1.1497984543552404
LJT0817,0.3992093260978764,-2.7002469158456495,-1.1505187948738866
ADC0391,0.39978051577404583,-2.7008336752346858,-1.15052657973032
AMJ0297,0.40543774216186024,-2.7086896190482053,-1.1516259384431726
TSM0927,0.4050317668915661,-2.7148588130392595,-1.1549135230738468
NCE0097,0.4036957721955813,-2.713583897022324,-1.1549440624133713
QCH0110,0.3899361562237977,-2.7046004639028833,-1.157332153839543
OMM0944,0.4005985062964388,-2.7156128752932585,-1.1575071844984097
GCG0951,0.3943515477266315,-2.7100780053728157,-1.1578632288230921
WTF0387,0.3900780991545689,-2.707105663723386,-1.1585137822844085
GZB0469,0.38071604796317665,-2.699513082632742,-1.1593985173347827
ENC0234,0.4049496923784003,-2.726917441678381,-1.1609838746499903
CJM0521,0.3986659117728983,-2.7207162568903622,-1.161025172558732
COM0321,0.40124980591415255,-2.7257775733117136,-1.1622638836987804
TDG0962,0.3917858408902308,-2.7168955444146303,-1.1625548517621997
XHG0902,0.3899044873200052,-2.715326988410535,-1.1627112505452648
MSG0839,0.4086768369741948,-2.7344389268405176,-1.1628810449331615
BHW0458,0.39104592495525553,-2.7197958075979094,-1.164374941321327
SDB0106,0.42368305684671903,-2.7524416863002634,-1.1643793147267723
LRW0970,0.39879253831180544,-2.7282277806896795,-1.164717621188937
HSD0457,0.39349100752648186,-2.7274231654340837,-1.166966078953801
KKS0119,0.4042102795755564,-2.7382667100354174,-1.1670282152299305
IHK0841,0.39048881468233393,-2.728613984036543,-1.1690625846771046
CCL0068,0.4077844051204685,-2.746013502562155,-1.1691145487208432
CYA0506,0.41143316707157146,-2.750693182396642,-1.1696300076625352
RKD0604,0.40059853888212077,-2.740451451997052,-1.1699264565574656
WAB0143,0.39575120425235727,-2.735874048488391,-1.1700614221180168
AIM0627,0.39065749359184965,-2.7339398554408882,-1.1716411809245193
ZMC0284,0.39784921918038024,-2.7436875749958785,-1.172919177907749
SSH0799,0.39610244613237017,-2.743629485796343,-1.1737635198319865
PTH0830,0.400851277875919,-2.749097879519681,-1.174123300821881
TRK0914,0.3990320341132981,-2.7473751931256785,-1.1741715795061902
LDG0459,0.40203946897320575,-2.7517193129663657,-1.17483992199658
EWH0191,0.399792299728647,-2.750351906878474,-1.1752798035749135
AKF0709,0.3994089591531356,-2.754961064024978,-1.177776052435921
KJG0910,0.40064992558387763,-2.760889570115394,-1.1801198222657583
CRK0916,0.39139670617138556,-2.752974314681035,-1.1807888042548247
VMJ0147,0.38458821171248153,-2.7470174533056153,-1.1812146207965668
AIP0982,0.38340824180598254,-2.74655683124226,-1.1815742947181387
ARB0834,0.4033735939749465,-2.766535383800046,-1.18158089491255
AMH0464,0.3841067886443288,-2.7476733940136793,-1.1817833026846754
FRL0511,0.4065625338865068,-2.773985912774714,-1.1837116894441038
TAP0551,0.3936280592936245,-2.761111579962795,-1.1837417603345854
HAD0246,0.40732269533479876,-2.7755582726109735,-1.1841177886380874
IBS0836,0.4026589089970419,-2.7728473093641948,-1.1850942001835765
YIC0195,0.39920483747014196,-2.7696765655653417,-1.1852358640476
BVC0790,0.401522826610898,-2.7730097323315546,-1.1857434528603283
NDM0417,0.4084610292226954,-2.78936371476075,-1.1904513427690273
JKM0303,0.3854043498236266,-2.7677028381171653,-1.1911492441467693
ATP0662,0.3883199120614886,-2.7710290462212646,-1.191354567079888
ONW0083,0.385938095928059,-2.7701172282244833,-1.192089566148212
KPR0497,0.39471460048352125,-2.779973619862677,-1.192629509689578
SBN0971,0.40794126086820043,-2.7948677991843573,-1.1934632691580784
NGO0690,0.3930577511162045,-2.780486546557908,-1.1937143977208517
NJB0243,0.4083184598604292,-2.797756436502175,-1.1947189883208729
NLO0131,0.3865277179254691,-2.7769246328954944,-1.1951984574850127
BNG0237,0.4053912365155072,-2.7963391387426286,-1.1954739511135608
SVL0803,0.39230043566060246,-2.783328331465742,-1.1955139479025698
CJH0702,0.3885307004903917,-2.781688479532483,-1.1965788895210456
BTS0011,0.39734411907948763,-2.791407871201322,-1.1970318760609173
VLB0647,0.4050785699985184,-2.8003451866643756,-1.1976333083329287
KJW0416,0.3949640786096081,-2.7910329202448603,-1.1980344208176261
WJD0576,0.3857787880435074,-2.791510936877769,-1.2028660744171307
VCC0396,0.39557910421855624,-2.8040584450985153,-1.2042396704399796
DBW0483,0.3965716051993685,-2.8103371171712297,-1.2068827559859305
ZCF0590,0.4023676172364568,-2.820399550572363,-1.209015966667953
SCB0534,0.39082855852146337,-2.8089186744201773,-1.209045057949357
PIS0522,0.40979864924839193,-2.8280369948358417,-1.209119172793725
LHL0309,0.39056903740257337,-2.8095999490554875,-1.2095154558264571
JJB0700,0.391598004906969,-2.8106639802111135,-1.2095329876520722
HGH0595,0.39436750178415325,-2.8135363998299847,-1.2095844490229157
TDS0984,0.4002659597143067,-2.8208141396727915,-1.2102740899792424
MCT0720,0.3921700057908432,-2.813274669049166,-1.2105523316291615
LJR0523,0.40484714716639614,-2.8269518690107582,-1.211052360922181
DJB0159,0.39834281807680505,-2.8219000501869402,-1.2117786160550676
CJF0802,0.39358974741154745,-2.8173295846865187,-1.2118699186374857
SPA0141,0.3907301415196053,-2.8154887833559736,-1.2123793209181841
RYB0718,0.3803490135866802,-2.80524774199125,-1.2124493642022849
IBB0696,0.3887360460511983,-2.8146767722268016,-1.2129703630878017
BBS0422,0.42326541253284927,-2.8505309183979093,-1.21363275293253
MLL0598,0.3924027166464229,-2.819925368278068,-1.2137613258158226
CGA0629,0.4015973979730083,-2.8295429141098465,-1.2139727580684192
MSD0939,0.385066459456984,-2.813842518237789,-1.2143880293904024
LBH0942,0.39990363250385363,-2.8313164727599944,-1.2157064201280705
ABH0663,0.38821256721579256,-2.8207972383066116,-1.2162923355454094
KJP0371,0.40087567971746285,-2.8387564914637853,-1.2189404058731612
ARA0252,0.38004315262173777,-2.8204748761534435,-1.220215861765853
SAB0781,0.39124658700056375,-2.831972177094452,-1.220362795046944
CJG0470,0.39394014201979355,-2.8351707654038063,-1.2206153116920064
BTR0403,0.40008999819865226,-2.8424061463865384,-1.2211580740939432
JML0909,0.4023855793132522,-2.8457805732838115,-1.2216974969852796
ZDW0859,0.39036430201392014,-2.8339921380308852,-1.2218139180084826
DAL0673,0.4102631465277975,-2.854689198735566,-1.2222130261038842
BCM0653,0.3974765849371207,-2.8432411525124244,-1.2228822837876518
PDH0716,0.4015363211815138,-2.848412741308976,-1.223438210063731
SOB0360,0.3977220767438293,-2.848820007519633,-1.2255489653879017
DBS0235,0.3904134935653669,-2.842671774970334,-1.2261291407024835
JRH0455,0.38438254983951764,-2.8392129810652866,-1.2274152156128846
MPT0376,0.38483742450403546,-2.8414792472081496,-1.228320911352057
GJT0386,0.407527909235621,-2.866098470848052,-1.2292852808062156
CTA0020,0.3926263988152235,-2.8514136180699596,-1.229393609627368
SSG0250,0.3843660221995823,-2.844729246353216,-1.230181612076817
MAS0025,0.40245458921388755,-2.8642955009160898,-1.230920455851101
JIM0095,0.38180655083177306,-2.845220154434567,-1.231706801801397
JBD0616,0.3963596661733548,-2.861805482704035,-1.2327229082653401
MAH0864,0.38953793116045105,-2.8565159180367976,-1.2334889934381732
BWH0813,0.3966879278279573,-2.866643087820072,-1.2349775799960574
RBB0485,0.3920475389046549,-2.8661138122792638,-1.2370331366873044
MCS0035,0.40537671827009775,-2.883325219514547,-1.2389742506222248
CEJ0109,0.38944970825562697,-2.8678570358393602,-1.2392036637918666
DIB0285,0.3806234847387589,-2.863493158878107,-1.2414348370696742
NAH0503,0.39661930468674916,-2.8805069779065557,-1.2419438366099034
NRD0548,0.40007140862715357,-2.8849456069396555,-1.242437099156251
AOB0019,0.40639605039893534,-2.8933653845629492,-1.243484667082007
IAR0694,0.39994182895070735,-2.8897591464419725,-1.2449086587456326
JGT0221,0.38337288190496344,-2.8765047555628005,-1.2465659368289186
ASV0946,0.3814645225007551,-2.877127423194861,-1.2478314503470531
UCS0227,0.39369587045487187,-2.890235442814929,-1.2482697861800285
ORB0473,0.3914492233485387,-2.890672515148076,-1.2496116458997686
ETR0177,0.39366020794487555,-2.89317554865738,-1.249757670356252
PES0085,0.3984054410657025,-2.900837964456854,-1.2512162616955758
PNH0761,0.4000895201126896,-2.9028217417944133,-1.2513661108408618
OJK0233,0.39484622918860657,-2.8989550606761254,-1.2520544157437594
DMM0623,0.39912033083415704,-2.9047807594831374,-1.2528302143244903
FMG0527,0.3950950439010188,-2.9016216539053112,-1.2532633050021462
ROB0272,0.40291702770268256,-2.9106495180679173,-1.2538662451826172
MMB0488,0.39657808902795316,-2.9055443047821052,-1.254483107877076
NKH0807,0.38233699823980194,-2.8919129957520195,-1.2547879987561088
DLM0051,0.4069256169574263,-2.919969358890196,-1.2565218709663848
BTW0005,0.39392714408367846,-2.9083433685477846,-1.257208112232053
MJS0890,0.39072578996153845,-2.908943150580784,-1.2591086803096228
EZT0640,0.37733221202718037,-2.8970404328761776,-1.2598541104244987
KAL0395,0.3963027904812848,-2.919358128003866,-1.2615276687612906
TQS0212,0.3838598333811881,-2.9096595263781286,-1.2628998464984702
MHG0244,0.38287682881173507,-2.9102362256433767,-1.2636796984158207
CGF0337,0.38976027902737964,-2.9178598528051,-1.26404978688886
HGN0287,0.39825377210277796,-2.9291805052177757,-1.2654633665574988
GCS0571,0.38783518991100263,-2.923342673435676,-1.2677537417623368
UCH0519,0.38552402981570116,-2.921663381506001,-1.26806967584515
DVW0103,0.38948035058384406,-2.925715332539493,-1.2681174909778246
MMG0943,0.383406156846063,-2.9197680240292305,-1.2681809335915837
TCD0009,0.3986819109192334,-2.939516454596711,-1.270417271838739
PPF0435,0.39681237332449454,-2.9384026738984708,-1.270795150286988
SLP0762,0.39718025522806805,-2.9404500225693164,-1.2716348836706242
CGB0637,0.3984923317252428,-2.942717174121237,-1.272112421197997
TOR0193,0.39860536201555147,-2.9462059945528494,-1.2738003162686489
JKF0465,0.3844075144273541,-2.9389432981977,-1.277267891885173
DZC0228,0.3857277952287801,-2.945584201005247,-1.2799282028882333
ALB0892,0.3877757990043098,-2.9501809241469528,-1.2812025625713215
RLB0719,0.39137473952938323,-2.9557936506811324,-1.2822094555758745
KVS0425,0.38841252847683366,-2.9561862941344863,-1.2838868828288263
HCV0478,0.394717201680335,-2.969789540781074,-1.2875361695503695
HOB0994,0.38070095580133717,-2.958575441867648,-1.2889372430331554
GHL0460,0.381966031096082,-2.966663909483049,-1.2923489391934835
EHR0096,0.4072271121106477,-2.993571815554764,-1.2931723517220581
FIR0920,0.39151875426512645,-2.978490840145129,-1.2934860429400012
HKI0171,0.3800921300361306,-2.967887856845251,-1.2938978634045601
RCP0785,0.3780889106629699,-2.966732608915227,-1.2943218491261286
ELB0847,0.38473381249629324,-2.9933109149649453,-1.304288551234326
PKB0429,0.38545688217493407,-3.010795856705032,-1.312669487265049
KBL0260,0.3902297888508527,-3.0166524206381244,-1.3132113158936358
AMD0077,0.379993548516723,-3.0083268410864084,-1.3141666462848427
LEM0605,0.39255969406431823,-3.0245866403976773,-1.3160134731666795
TBT0461,0.3863900472069808,-3.0201997148275237,-1.3169048338102716
AHD0848,0.3891558166575199,-3.024376593699835,-1.3176103885211574
MBG0438,0.3913405162394423,-3.029095594665026,-1.3188775392127918
FHS0837,0.37640477028771485,-3.016850789859048,-1.3202230097856666
ILC0838,0.3881738206456432,-3.034314202610978,-1.3230701909826674
AAF0791,0.37350531797779074,-3.0212984680906967,-1.323896575056453
EDB0714,0.38661836762446283,-3.037082128562071,-1.3252318804688041
MOS0047,0.36936712804559635,-3.032574106145611,-1.3316034890500072
SAP0867,0.3845519782864752,-3.0612731792125176,-1.3383606004630213
HFB0347,0.38404551992020713,-3.06163772385934,-1.3387961019695664
TMA0069,0.36962577811408387,-3.0473724661854025,-1.3388733440356593
BMT0528,0.3878066059652597,-3.145421096476641,-1.3788072452556908
CNB0900,0.38052441128992637,-3.199870185003379,-1.4096728868567263
AAF0535,0.3720649012042975,-3.2170643563735433,-1.422499727584623
NKH0979,0.3871621140972517,-3.24050512905811,-1.4266715074804293
